{"0": 29, "29.630954756259506": 31, "59.06984026290313": 27, "88.50872576954674": 26, "118.14036855627222": 28, "147.7720113429977": 175, "177.59572337933906": 55, "207.41943541568043": 50, "237.0510782024059": 50, "266.6827209891314": 32, "296.31436377585686": 31, "325.94600656258234": 29, "9.816230948123973": 25, "39.44787373484945": 28, "69.07951652157493": 174, "98.3256447481367": 56, "127.76453025478031": 51, "157.3961730415058": 51, "186.83505854814942": 33, "216.27325602432705": 32, "245.90421078058657": 27, "275.5358535673121": 25, "305.16749635403755": 25, "334.79913914076303": 29, "19.631085835316014": 57, "49.45479787165738": 51, "79.08644065838286": 51, "108.71808344510833": 34, "138.3497262318338": 33, "167.9813690185593": 29, "197.61301180528477": 25, "227.24465459201025": 26, "257.0683666283516": 202, "286.8927666951589": 180, "316.5244094818844": 53, "346.15605226860987": 51}
