{"0": 125, "29.63233081719145": 127, "59.45604285353281": 133, "89.08768564025829": 132, "118.71932842698376": 81, "148.35097121370924": 79, "177.98261400043472": 29, "207.42149950707835": 28, "237.05314229380383": 28, "266.6840970500633": 35, "296.1229825567069": 125, "325.5618680633505": 28, "9.43209244889215": 132, "39.06373523561763": 81, "68.6953780223431": 79, "98.32702080906859": 31, "127.95866359579406": 28, "157.59030638251954": 29, "187.22194916924502": 33, "216.8535919559705": 126, "246.48523474269598": 200, "275.9241202493396": 132, "305.55576303606506": 135, "335.3794750724064": 78, "19.63452598764576": 31, "49.26616877437124": 28, "78.89781156109672": 28, "108.5294543478222": 33, "138.35316638416356": 127, "167.7920518908072": 132, "197.23093739745082": 132, "226.66982290409445": 136, "256.3014656908199": 77, "285.9331084775454": 33, "315.56475126427085": 28, "345.5812205806941": 27}