{"0": 27, "29.246816257027742": 29, "58.68570176367136": 39, "88.12458727031498": 40, "117.5634727769586": 44, "147.19511556368408": 49, "176.82675835040956": 51, "206.45840113713504": 162, "236.09004392386052": 31, "265.52892943050415": 27, "295.1605722172296": 27, "324.7922150039551": 31, "10.008988228205794": 39, "39.83338829501312": 43, "69.27227380165675": 47, "99.09667386846408": 49, "128.72831665518956": 163, "158.35995944191504": 163, "187.99160222864052": 29, "217.623245015366": 29, "247.25488780209147": 31, "276.6944613392011": 38, "306.3261041259266": 39, "336.15050419273393": 47, "20.020728578275566": 47, "49.45961408491919": 164, "79.09125687164467": 163, "108.72289965837015": 32, "138.16247319547975": 30, "167.79411598220523": 32, "197.4257587689307": 38, "226.86464427557434": 38, "256.30352978221794": 43, "285.35758875916383": 45, "314.79647426580743": 47, "344.4281170525329": 163}