{"0": 29, "29.63164278672548": 29, "59.071216323835074": 49, "88.70285911056055": 49, "118.33450189728603": 54, "147.9661446840115": 176, "177.597787470737": 29, "207.22943025746247": 27, "236.6683157641061": 28, "266.1072012707497": 30, "295.5460867773933": 29, "325.1777295641188": 33, "9.432780479358144": 49, "39.06442326608362": 53, "68.50330877272725": 175, "98.13495155945273": 31, "127.57383706609636": 28, "157.01272257274": 28, "186.45160807938362": 32, "216.27600814619095": 30, "246.0997201825323": 33, "275.7313629692578": 48, "305.3630057559833": 50, "334.9946485427088": 176, "19.441768707563995": 32, "49.26616877437132": 29, "78.8978115610968": 28, "108.52945434782228": 31, "138.35316638416364": 32, "167.98480917088912": 34, "197.42369467753275": 48, "226.86258018417638": 49, "256.30146569082": 176, "285.9331084775455": 173, "315.56475126427097": 30, "345.19639405099645": 28}