{"0": 70, "29.82440006680733": 70, "59.45604285353281": 152, "89.08768564025829": 152, "118.33450189728603": 139, "147.77338740392966": 136, "177.01882760002547": 52, "206.4577131066691": 49, "236.08866786292862": 50, "265.7203106496541": 70, "295.1591961562977": 70, "324.983596223105": 76, "9.623473668042095": 152, "39.255116454767574": 140, "68.88675924149305": 135, "98.51840202821853": 53, "128.150044814944": 50, "157.7816876016695": 51, "187.41333038839497": 71, "217.04497317512045": 70, "246.67661596184593": 76, "276.3082587485714": 151, "305.9399015352969": 153, "335.57154432202236": 135, "19.441768707563995": 55, "49.07341149428947": 50, "78.70505428101495": 51, "108.33669706774043": 57, "137.9683398544659": 71, "167.5999826411914": 75, "197.23162542791687": 150, "226.86258018417638": 152, "256.1093964412041": 136, "285.9331084775455": 134, "315.56475126427097": 53, "345.19639405099645": 51}